{
  "entrypoints": [
    "main"
  ],
  "origins": {
    "42": [
      42
    ],
    "17896441": [
      250,
      401
    ],
    "main": [
      250,
      354,
      792
    ],
    "runtime~main": [
      250,
      792,
      354
    ],
    "04448e77": [
      56
    ],
    "0b5d3f04": [
      477
    ],
    "0da64803": [
      665
    ],
    "2d485cb8": [
      55
    ],
    "329202c3": [
      165
    ],
    "482cf55e": [
      203
    ],
    "4a26fe26": [
      201
    ],
    "5e95c892": [
      647
    ],
    "72f0b8ac": [
      608
    ],
    "7729dc40": [
      225
    ],
    "7a015cf1": [
      325
    ],
    "7c54ca81": [
      250,
      639
    ],
    "80a7a2b4": [
      800
    ],
    "897106cd": [
      685
    ],
    "8d21545a": [
      61
    ],
    "8f7c1e29": [
      250,
      306
    ],
    "93835faf": [
      596
    ],
    "a0136ff7": [
      437
    ],
    "a032ce4d": [
      255
    ],
    "a7456010": [
      235
    ],
    "a7bd4aaa": [
      98
    ],
    "a94703ab": [
      250,
      48
    ],
    "aba21aa0": [
      742
    ],
    "b181d0e0": [
      34
    ],
    "b6b282b3": [
      408
    ],
    "bd93b359": [
      938
    ],
    "bfbf51d7": [
      717
    ],
    "c37bce2c": [
      739
    ],
    "c44ec8b0": [
      860
    ],
    "c4f5d8e4": [
      250,
      634
    ],
    "cd303572": [
      224
    ],
    "d3294771": [
      216
    ],
    "d43dcb12": [
      956
    ],
    "d73023cf": [
      19
    ],
    "ddee994b": [
      869
    ],
    "e0557b82": [
      539
    ],
    "ed37c987": [
      113
    ],
    "faf16377": [
      352
    ],
    "styles": [
      48,
      306,
      354,
      401,
      634,
      639,
      792,
      250
    ]
  },
  "assets": {
    "19": {
      "js": [
        {
          "file": "assets/js/d73023cf.94ded4d0.js",
          "hash": "03780ce1ac4b1c2d",
          "publicPath": "/RMC-Software-Documentation/assets/js/d73023cf.94ded4d0.js"
        }
      ]
    },
    "34": {
      "js": [
        {
          "file": "assets/js/b181d0e0.37341cfd.js",
          "hash": "9a4290ce8ada6265",
          "publicPath": "/RMC-Software-Documentation/assets/js/b181d0e0.37341cfd.js"
        }
      ]
    },
    "42": {
      "js": [
        {
          "file": "assets/js/42.70da9c98.js",
          "hash": "a539772868f4331e",
          "publicPath": "/RMC-Software-Documentation/assets/js/42.70da9c98.js"
        }
      ]
    },
    "48": {
      "js": [
        {
          "file": "assets/js/a94703ab.4fd6a771.js",
          "hash": "96ed8c9dce81b626",
          "publicPath": "/RMC-Software-Documentation/assets/js/a94703ab.4fd6a771.js"
        }
      ]
    },
    "55": {
      "js": [
        {
          "file": "assets/js/2d485cb8.20a6143b.js",
          "hash": "83dc814b6a688330",
          "publicPath": "/RMC-Software-Documentation/assets/js/2d485cb8.20a6143b.js"
        }
      ]
    },
    "56": {
      "js": [
        {
          "file": "assets/js/04448e77.cd0a0dab.js",
          "hash": "01fb6349929820de",
          "publicPath": "/RMC-Software-Documentation/assets/js/04448e77.cd0a0dab.js"
        }
      ]
    },
    "61": {
      "js": [
        {
          "file": "assets/js/8d21545a.0626a378.js",
          "hash": "93cb5102ebb9020a",
          "publicPath": "/RMC-Software-Documentation/assets/js/8d21545a.0626a378.js"
        }
      ]
    },
    "98": {
      "js": [
        {
          "file": "assets/js/a7bd4aaa.36d00419.js",
          "hash": "932168f562fec78c",
          "publicPath": "/RMC-Software-Documentation/assets/js/a7bd4aaa.36d00419.js"
        }
      ]
    },
    "113": {
      "js": [
        {
          "file": "assets/js/ed37c987.cabdfd64.js",
          "hash": "12e7f19bd5289245",
          "publicPath": "/RMC-Software-Documentation/assets/js/ed37c987.cabdfd64.js"
        }
      ]
    },
    "165": {
      "js": [
        {
          "file": "assets/js/329202c3.869f36d0.js",
          "hash": "2d961d6c6fc57a2b",
          "publicPath": "/RMC-Software-Documentation/assets/js/329202c3.869f36d0.js"
        }
      ]
    },
    "201": {
      "js": [
        {
          "file": "assets/js/4a26fe26.fe0a9ab4.js",
          "hash": "4c00d2ad426acab5",
          "publicPath": "/RMC-Software-Documentation/assets/js/4a26fe26.fe0a9ab4.js"
        }
      ]
    },
    "203": {
      "js": [
        {
          "file": "assets/js/482cf55e.e5376d55.js",
          "hash": "58594529bcdd157d",
          "publicPath": "/RMC-Software-Documentation/assets/js/482cf55e.e5376d55.js"
        }
      ]
    },
    "216": {
      "js": [
        {
          "file": "assets/js/d3294771.3ed3a28c.js",
          "hash": "e270070bb4c98c7f",
          "publicPath": "/RMC-Software-Documentation/assets/js/d3294771.3ed3a28c.js"
        }
      ]
    },
    "224": {
      "js": [
        {
          "file": "assets/js/cd303572.f306a476.js",
          "hash": "ffa3173ede98383d",
          "publicPath": "/RMC-Software-Documentation/assets/js/cd303572.f306a476.js"
        }
      ]
    },
    "225": {
      "js": [
        {
          "file": "assets/js/7729dc40.5cdd9e05.js",
          "hash": "3cc487c89d762dfc",
          "publicPath": "/RMC-Software-Documentation/assets/js/7729dc40.5cdd9e05.js"
        }
      ]
    },
    "235": {
      "js": [
        {
          "file": "assets/js/a7456010.790366af.js",
          "hash": "7f99050d3a9f7c82",
          "publicPath": "/RMC-Software-Documentation/assets/js/a7456010.790366af.js"
        }
      ]
    },
    "250": {
      "css": [
        {
          "file": "assets/css/styles.bc0bf7fc.css",
          "hash": "0478fb16b20db3d7",
          "publicPath": "/RMC-Software-Documentation/assets/css/styles.bc0bf7fc.css"
        }
      ]
    },
    "255": {
      "js": [
        {
          "file": "assets/js/a032ce4d.13e9021a.js",
          "hash": "f3f2b53317de0f50",
          "publicPath": "/RMC-Software-Documentation/assets/js/a032ce4d.13e9021a.js"
        }
      ]
    },
    "306": {
      "js": [
        {
          "file": "assets/js/8f7c1e29.f48e3ac1.js",
          "hash": "d1caaa5594e53e82",
          "publicPath": "/RMC-Software-Documentation/assets/js/8f7c1e29.f48e3ac1.js"
        }
      ]
    },
    "325": {
      "js": [
        {
          "file": "assets/js/7a015cf1.062448e9.js",
          "hash": "9afdbaca4b0b8b42",
          "publicPath": "/RMC-Software-Documentation/assets/js/7a015cf1.062448e9.js"
        }
      ]
    },
    "352": {
      "js": [
        {
          "file": "assets/js/faf16377.53d22a53.js",
          "hash": "9f1461bf0a2382e3",
          "publicPath": "/RMC-Software-Documentation/assets/js/faf16377.53d22a53.js"
        }
      ]
    },
    "354": {
      "js": [
        {
          "file": "assets/js/runtime~main.595b8a3a.js",
          "hash": "339e197860506b4f",
          "publicPath": "/RMC-Software-Documentation/assets/js/runtime~main.595b8a3a.js"
        }
      ]
    },
    "401": {
      "js": [
        {
          "file": "assets/js/17896441.839b8ad8.js",
          "hash": "3cc53dfe1334fea1",
          "publicPath": "/RMC-Software-Documentation/assets/js/17896441.839b8ad8.js"
        }
      ]
    },
    "408": {
      "js": [
        {
          "file": "assets/js/b6b282b3.1891240c.js",
          "hash": "e744d47b6f88075b",
          "publicPath": "/RMC-Software-Documentation/assets/js/b6b282b3.1891240c.js"
        }
      ]
    },
    "437": {
      "js": [
        {
          "file": "assets/js/a0136ff7.fad3acf9.js",
          "hash": "d65f41cc80808d53",
          "publicPath": "/RMC-Software-Documentation/assets/js/a0136ff7.fad3acf9.js"
        }
      ]
    },
    "477": {
      "js": [
        {
          "file": "assets/js/0b5d3f04.7d564503.js",
          "hash": "f534e8a399de618b",
          "publicPath": "/RMC-Software-Documentation/assets/js/0b5d3f04.7d564503.js"
        }
      ]
    },
    "539": {
      "js": [
        {
          "file": "assets/js/e0557b82.070b3b0a.js",