{
  "entrypoints": [
    "main"
  ],
  "origins": {
    "42": [
      42
    ],
    "17896441": [
      250,
      401
    ],
    "main": [
      250,
      354,
      792
    ],
    "runtime~main": [
      250,
      792,
      354
    ],
    "04448e77": [
      56
    ],
    "0b5d3f04": [
      477
    ],
    "0da64803": [
      665
    ],
    "2d485cb8": [
      55
    ],
    "329202c3": [
      165
    ],
    "482cf55e": [
      203
    ],
    "4a26fe26": [
      201
    ],
    "5e95c892": [
      647
    ],
    "72f0b8ac": [
      608
    ],
    "7729dc40": [
      225
    ],
    "7a015cf1": [
      325
    ],
    "7c54ca81": [
      250,
      639
    ],
    "80a7a2b4": [
      800
    ],
    "897106cd": [
      685
    ],
    "8d21545a": [
      61
    ],
    "8f7c1e29": [
      250,
      306
    ],
    "93835faf": [
      596
    ],
    "a0136ff7": [
      437
    ],
    "a032ce4d": [
      255
    ],
    "a7456010": [
      235
    ],
    "a7bd4aaa": [
      98
    ],
    "a94703ab": [
      250,
      48
    ],
    "aba21aa0": [
      742
    ],
    "b181d0e0": [
      34
    ],
    "b6b282b3": [
      408
    ],
    "bd93b359": [
      938
    ],
    "bfbf51d7": [
      717
    ],
    "c37bce2c": [
      739
    ],
    "c44ec8b0": [
      860
    ],
    "c4f5d8e4": [
      250,
      634
    ],
    "cd303572": [
      224
    ],
    "d3294771": [
      216
    ],
    "d43dcb12": [
      956
    ],
    "d73023cf": [
      19
    ],
    "ddee994b": [
      869
    ],
    "e0557b82": [
      539
    ],
    "ed37c987": [
      113
    ],
    "faf16377": [
      352
    ],
    "styles": [
      48,
      306,
      354,
      401,
      634,
      639,
      792,
      250
    ]
  },
  "assets": {
    "19": {
      "js": [
        {
          "file": "assets/js/d73023cf.94ded4d0.js",
          "hash": "c4af44d2dd85b1ef",
          "publicPath": "/RMC-Software-Documentation/assets/js/d73023cf.94ded4d0.js"
        }
      ]
    },
    "34": {
      "js": [
        {
          "file": "assets/js/b181d0e0.37341cfd.js",
          "hash": "d694dba942e9f04b",
          "publicPath": "/RMC-Software-Documentation/assets/js/b181d0e0.37341cfd.js"
        }
      ]
    },
    "42": {
      "js": [
        {
          "file": "assets/js/42.70da9c98.js",
          "hash": "cac773a89ba5c1c0",
          "publicPath": "/RMC-Software-Documentation/assets/js/42.70da9c98.js"
        }
      ]
    },
    "48": {
      "js": [
        {
          "file": "assets/js/a94703ab.4fd6a771.js",
          "hash": "193c79ac84bd8936",
          "publicPath": "/RMC-Software-Documentation/assets/js/a94703ab.4fd6a771.js"
        }
      ]
    },
    "55": {
      "js": [
        {
          "file": "assets/js/2d485cb8.20a6143b.js",
          "hash": "ae0f002792be5b10",
          "publicPath": "/RMC-Software-Documentation/assets/js/2d485cb8.20a6143b.js"
        }
      ]
    },
    "56": {
      "js": [
        {
          "file": "assets/js/04448e77.cd0a0dab.js",
          "hash": "11ebff14e5075775",
          "publicPath": "/RMC-Software-Documentation/assets/js/04448e77.cd0a0dab.js"
        }
      ]
    },
    "61": {
      "js": [
        {
          "file": "assets/js/8d21545a.0626a378.js",
          "hash": "4d5edbac41e47824",
          "publicPath": "/RMC-Software-Documentation/assets/js/8d21545a.0626a378.js"
        }
      ]
    },
    "98": {
      "js": [
        {
          "file": "assets/js/a7bd4aaa.36d00419.js",
          "hash": "0f699b11127bbce8",
          "publicPath": "/RMC-Software-Documentation/assets/js/a7bd4aaa.36d00419.js"
        }
      ]
    },
    "113": {
      "js": [
        {
          "file": "assets/js/ed37c987.1b05bc03.js",
          "hash": "6904e488f926c856",
          "publicPath": "/RMC-Software-Documentation/assets/js/ed37c987.1b05bc03.js"
        }
      ]
    },
    "165": {
      "js": [
        {
          "file": "assets/js/329202c3.869f36d0.js",
          "hash": "f572e47d48d82a3a",
          "publicPath": "/RMC-Software-Documentation/assets/js/329202c3.869f36d0.js"
        }
      ]
    },
    "201": {
      "js": [
        {
          "file": "assets/js/4a26fe26.fe0a9ab4.js",
          "hash": "3f7666885cbf2db9",
          "publicPath": "/RMC-Software-Documentation/assets/js/4a26fe26.fe0a9ab4.js"
        }
      ]
    },
    "203": {
      "js": [
        {
          "file": "assets/js/482cf55e.e5376d55.js",
          "hash": "1d714733389617cd",
          "publicPath": "/RMC-Software-Documentation/assets/js/482cf55e.e5376d55.js"
        }
      ]
    },
    "216": {
      "js": [
        {
          "file": "assets/js/d3294771.3ed3a28c.js",
          "hash": "d9225c5025523d6d",
          "publicPath": "/RMC-Software-Documentation/assets/js/d3294771.3ed3a28c.js"
        }
      ]
    },
    "224": {
      "js": [
        {
          "file": "assets/js/cd303572.e58ed84a.js",
          "hash": "18e41b9c826f4cfd",
          "publicPath": "/RMC-Software-Documentation/assets/js/cd303572.e58ed84a.js"
        }
      ]
    },
    "225": {
      "js": [
        {
          "file": "assets/js/7729dc40.87962680.js",
          "hash": "d9f928296668bc1d",
          "publicPath": "/RMC-Software-Documentation/assets/js/7729dc40.87962680.js"
        }
      ]
    },
    "235": {
      "js": [
        {
          "file": "assets/js/a7456010.790366af.js",
          "hash": "7f99050d3a9f7c82",
          "publicPath": "/RMC-Software-Documentation/assets/js/a7456010.790366af.js"
        }
      ]
    },
    "250": {
      "css": [
        {
          "file": "assets/css/styles.bc0bf7fc.css",
          "hash": "0478fb16b20db3d7",
          "publicPath": "/RMC-Software-Documentation/assets/css/styles.bc0bf7fc.css"
        }
      ]
    },
    "255": {
      "js": [
        {
          "file": "assets/js/a032ce4d.13e9021a.js",
          "hash": "f3f2b53317de0f50",
          "publicPath": "/RMC-Software-Documentation/assets/js/a032ce4d.13e9021a.js"
        }
      ]
    },
    "306": {
      "js": [
        {
          "file": "assets/js/8f7c1e29.f48e3ac1.js",
          "hash": "bd4cd996bd572001",
          "publicPath": "/RMC-Software-Documentation/assets/js/8f7c1e29.f48e3ac1.js"
        }
      ]
    },
    "325": {
      "js": [
        {
          "file": "assets/js/7a015cf1.062448e9.js",
          "hash": "7a8dc9c0763c7691",
          "publicPath": "/RMC-Software-Documentation/assets/js/7a015cf1.062448e9.js"
        }
      ]
    },
    "352": {
      "js": [
        {
          "file": "assets/js/faf16377.53d22a53.js",
          "hash": "ec6b4694e68d4b63",
          "publicPath": "/RMC-Software-Documentation/assets/js/faf16377.53d22a53.js"
        }
      ]
    },
    "354": {
      "js": [
        {
          "file": "assets/js/runtime~main.d7642441.js",
          "hash": "92f475f811157be3",
          "publicPath": "/RMC-Software-Documentation/assets/js/runtime~main.d7642441.js"
        }
      ]
    },
    "401": {
      "js": [
        {
          "file": "assets/js/17896441.839b8ad8.js",
          "hash": "ca7a307841cb67c8",
          "publicPath": "/RMC-Software-Documentation/assets/js/17896441.839b8ad8.js"
        }
      ]
    },
    "408": {
      "js": [
        {
          "file": "assets/js/b6b282b3.e2a4762c.js",
          "hash": "237130d611dd7a62",
          "publicPath": "/RMC-Software-Documentation/assets/js/b6b282b3.e2a4762c.js"
        }
      ]
    },
    "437": {
      "js": [
        {
          "file": "assets/js/a0136ff7.c81f3000.js",
          "hash": "bd8b79e90e6bf866",
          "publicPath": "/RMC-Software-Documentation/assets/js/a0136ff7.c81f3000.js"
        }
      ]
    },
    "477": {
      "js": [
        {
          "file": "assets/js/0b5d3f04.9333b6c7.js",
          "hash": "22b97a01128aca51",
          "publicPath": "/RMC-Software-Documentation/assets/js/0b5d3f04.9333b6c7.js"
        }
      ]
    },
    "539": {
      "js": [
        {
          "file": "assets/js/e0557b82.c7d3515f.js",